Name,Day,Time,Count,Time Offset,LocNumber,Failures,Hauled Out,Satellites,InitLat,InitLon,InitTime,InitType,Latitude,Longitude,Height,Bad Sats,R95,Residual,Time Error,TWIC Power,Fastloc Power,Noise,Range Bits,Id,Range,Signal,Doppler,CNR,Id,Range,Signal,Doppler,CNR,Id,Range,Signal,Doppler,CNR,Id,Range,Signal,Doppler,CNR,Id,Range,Signal,Doppler,CNR,Id,Range,Signal,Doppler,CNR,Id,Range,Signal,Doppler,CNR,Id,Range,Signal,Doppler,CNR,Id,Range,Signal,Doppler,CNR,Id,Range,Signal,Doppler,CNR,Id,Range,Signal,Doppler,CNR,Id,Range,Signal,Doppler,CNR,Id,Range,Signal,Doppler,CNR,Id,Range,Signal,Doppler,CNR,Id,Range,Signal,Doppler,CNR
Leaf Cutter,31-Mar-2025,11:08:27,3,1.000000,,,0,4,,,,,,,,,,,,,,,15,29,29902,,,,16,12405,,,,5,26230,,,,18,25637,,,,,,,,,,,,,,,,,,,,,,,,,,,,,,,,,,,,,,,,,,,,,,,,,,,,,,,,,,
Leaf Cutter,31-Mar-2025,15:30:56,1,1.000000,,,0,7,,,,,,,,,,,,,,,15,2,14754,,,,10,12732,,,,32,20375,,,,27,5090,,,,8,9036,,,,16,19515,,,,1,26152,,,,,,,,,,,,,,,,,,,,,,,,,,,,,,,,,,,,,,,,,,,
Leaf Cutter,01-Apr-2025,04:14:48,1,1.000000,,,0,4,,,,,,,,,,,,,,,15,24,15205,,,,15,14035,,,,22,13378,,,,13,4765,,,,,,,,,,,,,,,,,,,,,,,,,,,,,,,,,,,,,,,,,,,,,,,,,,,,,,,,,,
Leaf Cutter,01-Apr-2025,10:20:59,1,1.000000,,,0,5,,,,,,,,,,,,,,,15,18,9088,,,,29,21520,,,,28,1946,,,,31,16398,,,,25,29338,,,,,,,,,,,,,,,,,,,,,,,,,,,,,,,,,,,,,,,,,,,,,,,,,,,,,
Leaf Cutter,01-Apr-2025,17:14:22,1,1.000000,,,0,4,,,,,,,,,,,,,,,15,3,28286,,,,17,5692,,,,1,10332,,,,32,22215,,,,,,,,,,,,,,,,,,,,,,,,,,,,,,,,,,,,,,,,,,,,,,,,,,,,,,,,,,
Leaf Cutter,01-Apr-2025,19:33:52,1,1.000000,,,0,6,,,,,,,,,,,,,,,15,19,19826,,,,6,28432,,,,4,2580,,,,17,30388,,,,3,18026,,,,1,30439,,,,,,,,,,,,,,,,,,,,,,,,,,,,,,,,,,,,,,,,,,,,,,,,
Leaf Cutter,02-Apr-2025,06:31:14,1,1.000000,,,0,5,,,,,,,,,,,,,,,15,24,20256,,,,12,10533,,,,25,19735,,,,28,3596,,,,32,28580,,,,,,,,,,,,,,,,,,,,,,,,,,,,,,,,,,,,,,,,,,,,,,,,,,,,,
Leaf Cutter,02-Apr-2025,09:57:34,1,1.000000,,,0,4,,,,,,,,,,,,,,,15,31,1581,,,,4,26622,,,,26,7796,,,,29,766,,,,,,,,,,,,,,,,,,,,,,,,,,,,,,,,,,,,,,,,,,,,,,,,,,,,,,,,,,
Leaf Cutter,02-Apr-2025,10:00:00,1,1.000000,,,0,4,,,,,,,,,,,,,,,15,29,3352,,,,26,21328,,,,31,7840,,,,25,13188,,,,,,,,,,,,,,,,,,,,,,,,,,,,,,,,,,,,,,,,,,,,,,,,,,,,,,,,,,
Leaf Cutter,02-Apr-2025,13:40:49,1,1.000000,,,0,5,,,,,,,,,,,,,,,15,10,14091,,,,16,32160,,,,26,27861,,,,21,4667,,,,8,26370,,,,,,,,,,,,,,,,,,,,,,,,,,,,,,,,,,,,,,,,,,,,,,,,,,,,,
Leaf Cutter,02-Apr-2025,22:02:17,2,1.000000,,,0,5,,,,,,,,,,,,,,,15,7,29985,,,,4,19652,,,,9,6120,,,,30,18514,,,,20,25656,,,,,,,,,,,,,,,,,,,,,,,,,,,,,,,,,,,,,,,,,,,,,,,,,,,,,
Leaf Cutter,03-Apr-2025,06:30:12,1,1.000000,,,0,5,,,,,,,,,,,,,,,15,24,30134,,,,19,3421,,,,12,29852,,,,6,25255,,,,32,23010,,,,,,,,,,,,,,,,,,,,,,,,,,,,,,,,,,,,,,,,,,,,,,,,,,,,,
Leaf Cutter,03-Apr-2025,08:00:31,3,1.000000,,,0,8,,,,,,,,,,,,,,,15,12,5575,,,,29,28627,,,,32,1706,,,,25,28405,,,,11,31974,,,,31,24259,,,,28,2498,,,,3,23375,,,,,,,,,,,,,,,,,,,,,,,,,,,,,,,,,,,,,,
Leaf Cutter,03-Apr-2025,09:00:17,2,1.000000,,,0,4,,,,,,,,,,,,,,,15,31,30100,,,,32,2162,,,,26,15667,,,,28,4376,,,,,,,,,,,,,,,,,,,,,,,,,,,,,,,,,,,,,,,,,,,,,,,,,,,,,,,,,,
Leaf Cutter,03-Apr-2025,10:05:23,1,1.000000,,,0,6,,,,,,,,,,,,,,,15,26,23190,,,,16,14645,,,,4,19974,,,,29,27487,,,,31,12978,,,,28,12747,,,,,,,,,,,,,,,,,,,,,,,,,,,,,,,,,,,,,,,,,,,,,,,,
Leaf Cutter,03-Apr-2025,15:01:52,1,1.000000,,,0,8,,,,,,,,,,,,,,,15,10,18434,,,,27,6427,,,,2,9036,,,,1,11892,,,,32,11462,,,,16,19209,,,,23,7818,,,,8,25941,,,,,,,,,,,,,,,,,,,,,,,,,,,,,,,,,,,,,,
Leaf Cutter,03-Apr-2025,18:41:35,2,1.000000,,,0,4,,,,,,,,,,,,,,,15,22,996,,,,1,7265,,,,17,14217,,,,19,15866,,,,,,,,,,,,,,,,,,,,,,,,,,,,,,,,,,,,,,,,,,,,,,,,,,,,,,,,,,
Leaf Cutter,03-Apr-2025,20:55:33,1,1.000000,,,0,4,,,,,,,,,,,,,,,15,11,5175,,,,9,364,,,,4,7793,,,,19,11420,,,,,,,,,,,,,,,,,,,,,,,,,,,,,,,,,,,,,,,,,,,,,,,,,,,,,,,,,,
Leaf Cutter,03-Apr-2025,21:03:23,1,1.000000,,,0,4,,,,,,,,,,,,,,,15,11,16588,,,,31,60,,,,3,24534,,,,6,19281,,,,,,,,,,,,,,,,,,,,,,,,,,,,,,,,,,,,,,,,,,,,,,,,,,,,,,,,,,
Leaf Cutter,03-Apr-2025,23:03:41,1,1.000000,,,0,8,,,,,,,,,,,,,,,15,7,21508,,,,9,17032,,,,11,17894,,,,30,25133,,,,20,26056,,,,13,2183,,,,4,30760,,,,16,4199,,,,,,,,,,,,,,,,,,,,,,,,,,,,,,,,,,,,,,
Leaf Cutter,04-Apr-2025,00:04:16,1,1.000000,,,0,6,,,,,,,,,,,,,,,15,7,25705,,,,5,20648,,,,30,7285,,,,9,6958,,,,20,30196,,,,11,13753,,,,,,,,,,,,,,,,,,,,,,,,,,,,,,,,,,,,,,,,,,,,,,,,
Leaf Cutter,04-Apr-2025,01:08:14,1,1.000000,,,0,4,,,,,,,,,,,,,,,15,13,20054,,,,5,31043,,,,14,213,,,,20,29520,,,,,,,,,,,,,,,,,,,,,,,,,,,,,,,,,,,,,,,,,,,,,,,,,,,,,,,,,,
Leaf Cutter,04-Apr-2025,05:17:52,1,1.000000,,,0,8,,,,,,,,,,,,,,,15,19,11432,,,,15,10508,,,,24,29425,,,,10,4266,,,,32,3068,,,,25,27497,,,,23,23424,,,,12,21361,,,,,,,,,,,,,,,,,,,,,,,,,,,,,,,,,,,,,,
Leaf Cutter,04-Apr-2025,06:24:33,2,1.000000,,,0,5,,,,,,,,,,,,,,,15,12,16834,,,,32,6247,,,,25,30682,,,,10,1042,,,,19,27674,,,,,,,,,,,,,,,,,,,,,,,,,,,,,,,,,,,,,,,,,,,,,,,,,,,,,
Leaf Cutter,04-Apr-2025,07:01:40,1,1.000000,,,0,6,,,,,,,,,,,,,,,15,32,13423,,,,12,4940,,,,25,2214,,,,29,25458,,,,24,6640,,,,6,2635,,,,,,,,,,,,,,,,,,,,,,,,,,,,,,,,,,,,,,,,,,,,,,,,
Leaf Cutter,04-Apr-2025,10:31:14,1,1.000000,,,0,4,,,,,,,,,,,,,,,15,26,12532,,,,29,8917,,,,16,19630,,,,28,2872,,,,,,,,,,,,,,,,,,,,,,,,,,,,,,,,,,,,,,,,,,,,,,,,,,,,,,,,,,
Leaf Cutter,04-Apr-2025,12:48:08,2,1.000000,,,0,4,,,,,,,,,,,,,,,15,8,15647,,,,18,24907,,,,7,29990,,,,27,7187,,,,,,,,,,,,,,,,,,,,,,,,,,,,,,,,,,,,,,,,,,,,,,,,,,,,,,,,,,
Leaf Cutter,04-Apr-2025,15:30:46,1,1.000000,,,0,4,,,,,,,,,,,,,,,15,10,24866,,,,14,32586,,,,8,10986,,,,2,15559,,,,,,,,,,,,,,,,,,,,,,,,,,,,,,,,,,,,,,,,,,,,,,,,,,,,,,,,,,
Leaf Cutter,05-Apr-2025,06:00:03,1,1.000000,,,0,6,,,,,,,,,,,,,,,15,32,28056,,,,10,6088,,,,25,8732,,,,15,6387,,,,12,21014,,,,24,25849,,,,,,,,,,,,,,,,,,,,,,,,,,,,,,,,,,,,,,,,,,,,,,,,
Leaf Cutter,05-Apr-2025,06:04:37,1,1.000000,,,0,4,,,,,,,,,,,,,,,15,32,1687,,,,10,19370,,,,25,17428,,,,12,16788,,,,,,,,,,,,,,,,,,,,,,,,,,,,,,,,,,,,,,,,,,,,,,,,,,,,,,,,,,
Leaf Cutter,05-Apr-2025,07:01:48,1,1.000000,,,0,4,,,,,,,,,,,,,,,15,32,25880,,,,25,18800,,,,28,28394,,,,12,8022,,,,,,,,,,,,,,,,,,,,,,,,,,,,,,,,,,,,,,,,,,,,,,,,,,,,,,,,,,
Leaf Cutter,06-Apr-2025,12:19:44,1,1.000000,,,0,5,,,,,,,,,,,,,,,15,7,23198,,,,27,11209,,,,23,2830,,,,16,9345,,,,26,26998,,,,,,,,,,,,,,,,,,,,,,,,,,,,,,,,,,,,,,,,,,,,,,,,,,,,,
Leaf Cutter,06-Apr-2025,14:49:16,2,1.000000,,,0,5,,,,,,,,,,,,,,,15,10,16774,,,,1,8881,,,,2,6354,,,,27,5912,,,,8,24330,,,,,,,,,,,,,,,,,,,,,,,,,,,,,,,,,,,,,,,,,,,,,,,,,,,,,
Leaf Cutter,06-Apr-2025,17:02:08,5,1.000000,,,0,4,,,,,,,,,,,,,,,15,1,25934,,,,14,13952,,,,3,945,,,,2,10716,,,,,,,,,,,,,,,,,,,,,,,,,,,,,,,,,,,,,,,,,,,,,,,,,,,,,,,,,,
Leaf Cutter,06-Apr-2025,19:03:24,2,1.000000,,,0,8,,,,,,,,,,,,,,,15,19,27730,,,,9,29980,,,,4,26958,,,,1,16813,,,,17,31034,,,,3,20937,,,,31,4684,,,,28,4521,,,,,,,,,,,,,,,,,,,,,,,,,,,,,,,,,,,,,,
Leaf Cutter,06-Apr-2025,21:26:35,3,1.000000,,,0,6,,,,,,,,,,,,,,,15,4,2044,,,,9,11761,,,,7,18013,,,,6,9988,,,,11,6624,,,,3,27067,,,,,,,,,,,,,,,,,,,,,,,,,,,,,,,,,,,,,,,,,,,,,,,,
Leaf Cutter,06-Apr-2025,22:32:25,1,1.000000,,,0,5,,,,,,,,,,,,,,,15,7,2647,,,,9,7958,,,,30,21360,,,,6,15870,,,,20,11960,,,,,,,,,,,,,,,,,,,,,,,,,,,,,,,,,,,,,,,,,,,,,,,,,,,,,
Leaf Cutter,06-Apr-2025,23:41:34,1,1.000000,,,0,5,,,,,,,,,,,,,,,15,9,20890,,,,5,27032,,,,7,15451,,,,30,58,,,,11,25994,,,,,,,,,,,,,,,,,,,,,,,,,,,,,,,,,,,,,,,,,,,,,,,,,,,,,
Leaf Cutter,07-Apr-2025,08:43:48,1,1.000000,,,0,4,,,,,,,,,,,,,,,15,31,8366,,,,25,1867,,,,29,32061,,,,28,15643,,,,,,,,,,,,,,,,,,,,,,,,,,,,,,,,,,,,,,,,,,,,,,,,,,,,,,,,,,
Leaf Cutter,07-Apr-2025,10:02:20,1,1.000000,,,0,6,,,,,,,,,,,,,,,15,29,18982,,,,25,14936,,,,20,2647,,,,26,9296,,,,18,6844,,,,16,21483,,,,,,,,,,,,,,,,,,,,,,,,,,,,,,,,,,,,,,,,,,,,,,,,
Leaf Cutter,07-Apr-2025,16:01:23,1,1.000000,,,0,7,,,,,,,,,,,,,,,15,14,21533,,,,2,11660,,,,22,28282,,,,1,28719,,,,32,31586,,,,8,15643,,,,17,2968,,,,,,,,,,,,,,,,,,,,,,,,,,,,,,,,,,,,,,,,,,,
Leaf Cutter,07-Apr-2025,19:19:34,1,1.000000,,,0,6,,,,,,,,,,,,,,,15,1,15770,,,,3,12848,,,,17,30228,,,,9,22797,,,,31,31134,,,,2,15239,,,,,,,,,,,,,,,,,,,,,,,,,,,,,,,,,,,,,,,,,,,,,,,,
Leaf Cutter,07-Apr-2025,20:26:46,2,1.000000,,,0,4,,,,,,,,,,,,,,,15,19,4701,,,,9,31143,,,,11,7886,,,,3,426,,,,,,,,,,,,,,,,,,,,,,,,,,,,,,,,,,,,,,,,,,,,,,,,,,,,,,,,,,
Leaf Cutter,07-Apr-2025,21:33:30,1,1.000000,,,0,5,,,,,,,,,,,,,,,15,6,12250,,,,11,9404,,,,9,14912,,,,4,12193,,,,7,1738,,,,,,,,,,,,,,,,,,,,,,,,,,,,,,,,,,,,,,,,,,,,,,,,,,,,,
Leaf Cutter,08-Apr-2025,13:53:54,1,1.000000,,,0,6,,,,,,,,,,,,,,,15,27,28599,,,,8,29208,,,,2,18017,,,,30,3660,,,,23,14912,,,,7,31851,,,,,,,,,,,,,,,,,,,,,,,,,,,,,,,,,,,,,,,,,,,,,,,,
Leaf Cutter,10-Apr-2025,05:29:16,3,1.000000,,,0,6,,,,,,,,,,,,,,,15,15,15242,,,,24,7162,,,,25,26964,,,,19,25626,,,,32,19400,,,,12,267,,,,,,,,,,,,,,,,,,,,,,,,,,,,,,,,,,,,,,,,,,,,,,,,
Leaf Cutter,10-Apr-2025,11:39:32,1,1.000000,,,0,5,,,,,,,,,,,,,,,15,18,15640,,,,5,9160,,,,7,16528,,,,26,20665,,,,16,10848,,,,,,,,,,,,,,,,,,,,,,,,,,,,,,,,,,,,,,,,,,,,,,,,,,,,,
Leaf Cutter,11-Apr-2025,02:55:57,1,1.000000,,,0,5,,,,,,,,,,,,,,,15,13,5529,,,,22,6307,,,,27,7504,,,,14,12360,,,,16,14344,,,,,,,,,,,,,,,,,,,,,,,,,,,,,,,,,,,,,,,,,,,,,,,,,,,,,
Leaf Cutter,11-Apr-2025,05:11:10,1,1.000000,,,0,7,,,,,,,,,,,,,,,15,25,8296,,,,23,18467,,,,32,7276,,,,10,22216,,,,12,16756,,,,24,8099,,,,19,13686,,,,,,,,,,,,,,,,,,,,,,,,,,,,,,,,,,,,,,,,,,,
Leaf Cutter,11-Apr-2025,11:30:06,2,1.000000,,,0,4,,,,,,,,,,,,,,,15,18,26341,,,,26,920,,,,27,5405,,,,7,31663,,,,,,,,,,,,,,,,,,,,,,,,,,,,,,,,,,,,,,,,,,,,,,,,,,,,,,,,,,
Leaf Cutter,11-Apr-2025,12:00:53,1,1.000000,,,0,7,,,,,,,,,,,,,,,15,27,6790,,,,26,15643,,,,18,14109,,,,8,10226,,,,23,29808,,,,16,331,,,,7,17472,,,,,,,,,,,,,,,,,,,,,,,,,,,,,,,,,,,,,,,,,,,
Leaf Cutter,11-Apr-2025,15:17:49,2,1.000000,,,0,7,,,,,,,,,,,,,,,15,2,18223,,,,8,16959,,,,1,2914,,,,10,5440,,,,14,5378,,,,27,26551,,,,3,4982,,,,,,,,,,,,,,,,,,,,,,,,,,,,,,,,,,,,,,,,,,,
Leaf Cutter,11-Apr-2025,17:23:18,4,1.000000,,,0,6,,,,,,,,,,,,,,,15,19,13529,,,,22,9093,,,,3,19127,,,,1,14605,,,,17,27688,,,,14,23057,,,,,,,,,,,,,,,,,,,,,,,,,,,,,,,,,,,,,,,,,,,,,,,,
Leaf Cutter,11-Apr-2025,21:08:19,3,1.000000,,,0,4,,,,,,,,,,,,,,,15,7,28073,,,,6,11265,,,,4,26779,,,,11,14534,,,,,,,,,,,,,,,,,,,,,,,,,,,,,,,,,,,,,,,,,,,,,,,,,,,,,,,,,,
Leaf Cutter,11-Apr-2025,23:01:02,1,1.000000,,,0,4,,,,,,,,,,,,,,,15,9,12614,,,,30,12868,,,,7,19018,,,,11,14412,,,,,,,,,,,,,,,,,,,,,,,,,,,,,,,,,,,,,,,,,,,,,,,,,,,,,,,,,,
Leaf Cutter,12-Apr-2025,00:01:01,2,1.000000,,,0,5,,,,,,,,,,,,,,,15,7,24398,,,,13,28510,,,,5,21223,,,,30,18015,,,,20,3400,,,,,,,,,,,,,,,,,,,,,,,,,,,,,,,,,,,,,,,,,,,,,,,,,,,,,
Leaf Cutter,12-Apr-2025,06:09:23,3,1.000000,,,0,5,,,,,,,,,,,,,,,15,32,21751,,,,12,20218,,,,28,12902,,,,25,24980,,,,29,21780,,,,,,,,,,,,,,,,,,,,,,,,,,,,,,,,,,,,,,,,,,,,,,,,,,,,,
Leaf Cutter,12-Apr-2025,14:21:38,1,1.000000,,,0,7,,,,,,,,,,,,,,,15,10,22815,,,,2,7345,,,,1,3543,,,,8,28781,,,,16,9398,,,,27,18863,,,,30,32310,,,,,,,,,,,,,,,,,,,,,,,,,,,,,,,,,,,,,,,,,,,
Leaf Cutter,12-Apr-2025,16:37:57,2,1.000000,,,0,7,,,,,,,,,,,,,,,15,3,1590,,,,1,22505,,,,17,10678,,,,14,11910,,,,2,5906,,,,22,1647,,,,8,1642,,,,,,,,,,,,,,,,,,,,,,,,,,,,,,,,,,,,,,,,,,,
Leaf Cutter,12-Apr-2025,17:47:25,3,1.000000,,,0,6,,,,,,,,,,,,,,,15,3,14180,,,,17,19017,,,,2,17866,,,,32,7130,,,,28,30266,,,,1,23351,,,,,,,,,,,,,,,,,,,,,,,,,,,,,,,,,,,,,,,,,,,,,,,,
Leaf Cutter,12-Apr-2025,20:02:21,1,1.000000,,,0,4,,,,,,,,,,,,,,,15,3,28690,,,,9,10502,,,,6,4720,,,,31,21534,,,,,,,,,,,,,,,,,,,,,,,,,,,,,,,,,,,,,,,,,,,,,,,,,,,,,,,,,,
Leaf Cutter,13-Apr-2025,08:48:30,1,1.000000,,,0,4,,,,,,,,,,,,,,,15,31,23854,,,,29,27133,,,,28,448,,,,25,2241,,,,,,,,,,,,,,,,,,,,,,,,,,,,,,,,,,,,,,,,,,,,,,,,,,,,,,,,,,
Leaf Cutter,13-Apr-2025,15:33:37,2,1.000000,,,0,7,,,,,,,,,,,,,,,15,22,26944,,,,2,17868,,,,10,22522,,,,14,23823,,,,17,30352,,,,8,29989,,,,1,28440,,,,,,,,,,,,,,,,,,,,,,,,,,,,,,,,,,,,,,,,,,,
Leaf Cutter,13-Apr-2025,17:49:31,2,1.000000,,,0,5,,,,,,,,,,,,,,,15,3,23612,,,,4,15730,,,,17,3117,,,,2,7570,,,,1,21726,,,,,,,,,,,,,,,,,,,,,,,,,,,,,,,,,,,,,,,,,,,,,,,,,,,,,
Leaf Cutter,13-Apr-2025,18:58:52,1,1.000000,,,0,8,,,,,,,,,,,,,,,15,28,19068,,,,31,972,,,,3,3342,,,,4,24524,,,,1,5254,,,,17,28613,,,,19,21432,,,,6,16711,,,,,,,,,,,,,,,,,,,,,,,,,,,,,,,,,,,,,,
Leaf Cutter,13-Apr-2025,20:05:01,3,1.000000,,,0,5,,,,,,,,,,,,,,,15,9,176,,,,3,11857,,,,6,28946,,,,4,31675,,,,31,13436,,,,,,,,,,,,,,,,,,,,,,,,,,,,,,,,,,,,,,,,,,,,,,,,,,,,,
Leaf Cutter,13-Apr-2025,21:15:47,3,1.000000,,,0,6,,,,,,,,,,,,,,,15,7,18730,,,,9,3520,,,,30,7872,,,,4,14830,,,,6,1344,,,,11,21579,,,,,,,,,,,,,,,,,,,,,,,,,,,,,,,,,,,,,,,,,,,,,,,,
Leaf Cutter,13-Apr-2025,22:04:15,1,1.000000,,,0,5,,,,,,,,,,,,,,,15,6,26960,,,,9,18189,,,,30,3974,,,,7,14487,,,,11,25034,,,,,,,,,,,,,,,,,,,,,,,,,,,,,,,,,,,,,,,,,,,,,,,,,,,,,
Leaf Cutter,14-Apr-2025,05:23:47,1,1.000000,,,0,4,,,,,,,,,,,,,,,15,12,21758,,,,32,2723,,,,24,23506,,,,25,14144,,,,,,,,,,,,,,,,,,,,,,,,,,,,,,,,,,,,,,,,,,,,,,,,,,,,,,,,,,
Leaf Cutter,14-Apr-2025,07:53:53,2,1.000000,,,0,7,,,,,,,,,,,,,,,15,31,6772,,,,25,6893,,,,29,29216,,,,28,22290,,,,11,23534,,,,12,31777,,,,32,21400,,,,,,,,,,,,,,,,,,,,,,,,,,,,,,,,,,,,,,,,,,,
Leaf Cutter,14-Apr-2025,10:00:04,2,1.000000,,,0,5,,,,,,,,,,,,,,,15,29,20839,,,,26,5206,,,,31,17546,,,,18,25702,,,,16,532,,,,,,,,,,,,,,,,,,,,,,,,,,,,,,,,,,,,,,,,,,,,,,,,,,,,,
Leaf Cutter,14-Apr-2025,13:28:32,1,1.000000,,,0,6,,,,,,,,,,,,,,,15,10,13354,,,,8,8084,,,,27,8615,,,,16,18411,,,,18,16112,,,,2,30253,,,,,,,,,,,,,,,,,,,,,,,,,,,,,,,,,,,,,,,,,,,,,,,,
Leaf Cutter,14-Apr-2025,14:37:48,2,1.000000,,,0,7,,,,,,,,,,,,,,,15,10,17078,,,,27,5894,,,,2,7296,,,,8,23682,,,,1,24190,,,,32,15019,,,,23,17940,,,,,,,,,,,,,,,,,,,,,,,,,,,,,,,,,,,,,,,,,,,
Leaf Cutter,14-Apr-2025,17:15:48,1,1.000000,,,0,4,,,,,,,,,,,,,,,15,1,14939,,,,2,10124,,,,3,28928,,,,32,14552,,,,,,,,,,,,,,,,,,,,,,,,,,,,,,,,,,,,,,,,,,,,,,,,,,,,,,,,,,
Leaf Cutter,14-Apr-2025,18:21:56,1,1.000000,,,0,6,,,,,,,,,,,,,,,15,17,30455,,,,4,20881,,,,3,21402,,,,9,8244,,,,1,31102,,,,19,6435,,,,,,,,,,,,,,,,,,,,,,,,,,,,,,,,,,,,,,,,,,,,,,,,
Leaf Cutter,14-Apr-2025,20:00:00,1,1.000000,,,0,5,,,,,,,,,,,,,,,15,19,32667,,,,17,1692,,,,6,30665,,,,4,4436,,,,9,1316,,,,,,,,,,,,,,,,,,,,,,,,,,,,,,,,,,,,,,,,,,,,,,,,,,,,,
Leaf Cutter,14-Apr-2025,20:03:43,1,1.000000,,,0,4,,,,,,,,,,,,,,,15,19,31947,,,,9,18898,,,,6,15674,,,,4,11246,,,,,,,,,,,,,,,,,,,,,,,,,,,,,,,,,,,,,,,,,,,,,,,,,,,,,,,,,,
Leaf Cutter,14-Apr-2025,22:14:27,3,1.000000,,,0,6,,,,,,,,,,,,,,,15,6,19822,,,,30,4556,,,,11,21075,,,,7,11884,,,,5,26030,,,,20,11057,,,,,,,,,,,,,,,,,,,,,,,,,,,,,,,,,,,,,,,,,,,,,,,,
Leaf Cutter,15-Apr-2025,07:51:08,2,1.000000,,,0,4,,,,,,,,,,,,,,,15,12,30937,,,,11,26411,,,,31,12946,,,,29,730,,,,,,,,,,,,,,,,,,,,,,,,,,,,,,,,,,,,,,,,,,,,,,,,,,,,,,,,,,
Leaf Cutter,15-Apr-2025,13:34:31,1,1.000000,,,0,4,,,,,,,,,,,,,,,15,10,2258,,,,23,13302,,,,16,18703,,,,27,5721,,,,,,,,,,,,,,,,,,,,,,,,,,,,,,,,,,,,,,,,,,,,,,,,,,,,,,,,,,
Leaf Cutter,15-Apr-2025,16:49:05,1,1.000000,,,0,6,,,,,,,,,,,,,,,15,3,29656,,,,2,31814,,,,1,29591,,,,17,22775,,,,32,9560,,,,19,6067,,,,,,,,,,,,,,,,,,,,,,,,,,,,,,,,,,,,,,,,,,,,,,,,
Leaf Cutter,15-Apr-2025,20:03:57,1,1.000000,,,0,5,,,,,,,,,,,,,,,15,19,4758,,,,6,9132,,,,9,12720,,,,17,1798,,,,4,24960,,,,,,,,,,,,,,,,,,,,,,,,,,,,,,,,,,,,,,,,,,,,,,,,,,,,,
Leaf Cutter,15-Apr-2025,21:06:02,1,1.000000,,,0,4,,,,,,,,,,,,,,,15,7,10614,,,,6,31195,,,,11,13606,,,,30,29049,,,,,,,,,,,,,,,,,,,,,,,,,,,,,,,,,,,,,,,,,,,,,,,,,,,,,,,,,,
Leaf Cutter,16-Apr-2025,09:11:54,1,1.000000,,,0,7,,,,,,,,,,,,,,,15,26,24728,,,,31,22284,,,,28,20419,,,,16,19842,,,,29,2096,,,,18,11803,,,,4,28604,,,,,,,,,,,,,,,,,,,,,,,,,,,,,,,,,,,,,,,,,,,
Leaf Cutter,16-Apr-2025,14:38:31,1,1.000000,,,0,4,,,,,,,,,,,,,,,15,2,10894,,,,8,12791,,,,10,26102,,,,27,4106,,,,,,,,,,,,,,,,,,,,,,,,,,,,,,,,,,,,,,,,,,,,,,,,,,,,,,,,,,
Leaf Cutter,16-Apr-2025,15:56:27,2,1.000000,,,0,7,,,,,,,,,,,,,,,15,3,17192,,,,14,27686,,,,8,690,,,,1,114,,,,17,16642,,,,22,11849,,,,32,31098,,,,,,,,,,,,,,,,,,,,,,,,,,,,,,,,,,,,,,,,,,,
Leaf Cutter,16-Apr-2025,21:27:13,1,1.000000,,,0,6,,,,,,,,,,,,,,,15,6,13126,,,,7,14248,,,,30,11310,,,,11,7223,,,,31,14212,,,,20,27077,,,,,,,,,,,,,,,,,,,,,,,,,,,,,,,,,,,,,,,,,,,,,,,,
Leaf Cutter,17-Apr-2025,06:49:31,2,1.000000,,,0,4,,,,,,,,,,,,,,,15,12,13219,,,,28,29131,,,,32,27431,,,,31,32240,,,,,,,,,,,,,,,,,,,,,,,,,,,,,,,,,,,,,,,,,,,,,,,,,,,,,,,,,,
Leaf Cutter,17-Apr-2025,07:03:39,1,1.000000,,,0,7,,,,,,,,,,,,,,,15,31,14675,,,,32,20363,,,,12,23471,,,,28,26492,,,,29,16828,,,,25,13327,,,,3,9420,,,,,,,,,,,,,,,,,,,,,,,,,,,,,,,,,,,,,,,,,,,
Leaf Cutter,17-Apr-2025,08:13:49,1,1.000000,,,0,7,,,,,,,,,,,,,,,15,31,19169,,,,29,22288,,,,25,19317,,,,28,2890,,,,4,29950,,,,11,24425,,,,26,12754,,,,,,,,,,,,,,,,,,,,,,,,,,,,,,,,,,,,,,,,,,,
Leaf Cutter,17-Apr-2025,09:48:14,1,1.000000,,,0,7,,,,,,,,,,,,,,,15,28,31669,,,,31,8947,,,,26,30118,,,,18,20569,,,,29,13714,,,,16,25907,,,,25,32364,,,,,,,,,,,,,,,,,,,,,,,,,,,,,,,,,,,,,,,,,,,
Leaf Cutter,17-Apr-2025,15:21:02,2,1.000000,,,0,7,,,,,,,,,,,,,,,15,2,24455,,,,10,16228,,,,1,10672,,,,22,11525,,,,8,29012,,,,14,3541,,,,17,20222,,,,,,,,,,,,,,,,,,,,,,,,,,,,,,,,,,,,,,,,,,,
Leaf Cutter,17-Apr-2025,19:15:38,1,1.000000,,,0,4,,,,,,,,,,,,,,,15,19,32642,,,,3,12445,,,,4,1636,,,,9,6415,,,,,,,,,,,,,,,,,,,,,,,,,,,,,,,,,,,,,,,,,,,,,,,,,,,,,,,,,,
Leaf Cutter,17-Apr-2025,21:39:44,2,1.000000,,,0,5,,,,,,,,,,,,,,,15,9,12490,,,,11,2262,,,,16,17789,,,,4,17104,,,,20,8484,,,,,,,,,,,,,,,,,,,,,,,,,,,,,,,,,,,,,,,,,,,,,,,,,,,,,
Leaf Cutter,18-Apr-2025,01:13:20,2,1.000000,,,0,6,,,,,,,,,,,,,,,15,14,19157,,,,22,21176,,,,30,29101,,,,15,45,,,,23,5870,,,,13,27499,,,,,,,,,,,,,,,,,,,,,,,,,,,,,,,,,,,,,,,,,,,,,,,,
Leaf Cutter,18-Apr-2025,05:08:37,1,1.000000,,,0,5,,,,,,,,,,,,,,,15,24,22228,,,,19,14801,,,,25,23158,,,,12,25640,,,,32,12306,,,,,,,,,,,,,,,,,,,,,,,,,,,,,,,,,,,,,,,,,,,,,,,,,,,,,
Leaf Cutter,18-Apr-2025,07:18:23,1,1.000000,,,0,6,,,,,,,,,,,,,,,15,12,31196,,,,11,28519,,,,29,15024,,,,6,5911,,,,25,1132,,,,28,18703,,,,,,,,,,,,,,,,,,,,,,,,,,,,,,,,,,,,,,,,,,,,,,,,
Leaf Cutter,18-Apr-2025,09:36:18,1,1.000000,,,0,4,,,,,,,,,,,,,,,15,29,21637,,,,9,16975,,,,26,6394,,,,20,9242,,,,,,,,,,,,,,,,,,,,,,,,,,,,,,,,,,,,,,,,,,,,,,,,,,,,,,,,,,
Leaf Cutter,18-Apr-2025,11:56:35,2,1.000000,,,0,6,,,,,,,,,,,,,,,15,27,6714,,,,8,25374,,,,23,28037,,,,26,22253,,,,18,24732,,,,16,26463,,,,,,,,,,,,,,,,,,,,,,,,,,,,,,,,,,,,,,,,,,,,,,,,
Leaf Cutter,18-Apr-2025,13:00:57,2,1.000000,,,0,5,,,,,,,,,,,,,,,15,10,2822,,,,16,7449,,,,2,4384,,,,23,22078,,,,27,28076,,,,,,,,,,,,,,,,,,,,,,,,,,,,,,,,,,,,,,,,,,,,,,,,,,,,,
Leaf Cutter,18-Apr-2025,15:08:09,1,1.000000,,,0,6,,,,,,,,,,,,,,,15,14,8883,,,,1,10621,,,,22,7008,,,,2,11722,,,,8,2790,,,,10,30783,,,,,,,,,,,,,,,,,,,,,,,,,,,,,,,,,,,,,,,,,,,,,,,,
Leaf Cutter,18-Apr-2025,16:47:25,1,1.000000,,,0,4,,,,,,,,,,,,,,,15,17,14947,,,,19,20327,,,,3,12421,,,,1,20720,,,,,,,,,,,,,,,,,,,,,,,,,,,,,,,,,,,,,,,,,,,,,,,,,,,,,,,,,,
Leaf Cutter,18-Apr-2025,18:14:12,1,1.000000,,,0,8,,,,,,,,,,,,,,,15,1,8350,,,,2,16942,,,,17,26622,,,,4,19194,,,,3,7894,,,,19,25715,,,,9,21776,,,,28,22577,,,,,,,,,,,,,,,,,,,,,,,,,,,,,,,,,,,,,,
Leaf Cutter,19-Apr-2025,00:54:48,2,1.000000,,,0,5,,,,,,,,,,,,,,,15,15,12605,,,,18,22962,,,,30,30842,,,,13,19394,,,,5,29210,,,,,,,,,,,,,,,,,,,,,,,,,,,,,,,,,,,,,,,,,,,,,,,,,,,,,
Leaf Cutter,19-Apr-2025,07:17:23,2,1.000000,,,0,4,,,,,,,,,,,,,,,15,31,19774,,,,28,30251,,,,6,809,,,,32,11278,,,,,,,,,,,,,,,,,,,,,,,,,,,,,,,,,,,,,,,,,,,,,,,,,,,,,,,,,,
Leaf Cutter,19-Apr-2025,11:35:13,1,1.000000,,,0,6,,,,,,,,,,,,,,,15,10,18678,,,,26,31178,,,,23,13264,,,,18,29479,,,,16,32246,,,,27,26959,,,,,,,,,,,,,,,,,,,,,,,,,,,,,,,,,,,,,,,,,,,,,,,,
Leaf Cutter,19-Apr-2025,15:05:12,2,1.000000,,,0,7,,,,,,,,,,,,,,,15,27,14459,,,,3,18744,,,,32,32617,,,,10,13782,,,,8,19474,,,,2,31225,,,,1,86,,,,,,,,,,,,,,,,,,,,,,,,,,,,,,,,,,,,,,,,,,,
Leaf Cutter,19-Apr-2025,16:01:05,2,1.000000,,,0,8,,,,,,,,,,,,,,,15,22,3456,,,,17,20070,,,,14,26325,,,,2,19180,,,,1,20146,,,,3,14597,,,,32,21500,,,,8,4187,,,,,,,,,,,,,,,,,,,,,,,,,,,,,,,,,,,,,,
Leaf Cutter,19-Apr-2025,17:12:08,1,1.000000,,,0,7,,,,,,,,,,,,,,,15,22,14564,,,,19,17692,,,,14,1328,,,,17,10104,,,,3,10188,,,,2,31671,,,,4,11004,,,,,,,,,,,,,,,,,,,,,,,,,,,,,,,,,,,,,,,,,,,
Leaf Cutter,19-Apr-2025,20:15:55,3,1.000000,,,0,6,,,,,,,,,,,,,,,15,7,18000,,,,6,18454,,,,19,13789,,,,9,18488,,,,11,646,,,,4,14525,,,,,,,,,,,,,,,,,,,,,,,,,,,,,,,,,,,,,,,,,,,,,,,,
Leaf Cutter,20-Apr-2025,04:00:30,1,1.000000,,,0,6,,,,,,,,,,,,,,,15,23,19636,,,,15,16284,,,,12,943,,,,25,25142,,,,24,20182,,,,10,29183,,,,,,,,,,,,,,,,,,,,,,,,,,,,,,,,,,,,,,,,,,,,,,,,
Leaf Cutter,20-Apr-2025,04:50:55,2,1.000000,,,0,6,,,,,,,,,,,,,,,15,10,19006,,,,25,6620,,,,12,1572,,,,24,30346,,,,32,32564,,,,23,15099,,,,,,,,,,,,,,,,,,,,,,,,,,,,,,,,,,,,,,,,,,,,,,,,
Leaf Cutter,20-Apr-2025,08:53:41,3,1.000000,,,0,7,,,,,,,,,,,,,,,15,18,3585,,,,25,27482,,,,28,25812,,,,31,26125,,,,26,24728,,,,29,5717,,,,5,14342,,,,,,,,,,,,,,,,,,,,,,,,,,,,,,,,,,,,,,,,,,,
Leaf Cutter,20-Apr-2025,10:03:08,1,1.000000,,,0,4,,,,,,,,,,,,,,,15,31,9224,,,,28,28183,,,,26,10000,,,,16,29848,,,,,,,,,,,,,,,,,,,,,,,,,,,,,,,,,,,,,,,,,,,,,,,,,,,,,,,,,,
Leaf Cutter,20-Apr-2025,10:59:39,1,1.000000,,,0,4,,,,,,,,,,,,,,,15,27,9278,,,,26,5294,,,,23,18493,,,,31,5162,,,,,,,,,,,,,,,,,,,,,,,,,,,,,,,,,,,,,,,,,,,,,,,,,,,,,,,,,,
Leaf Cutter,20-Apr-2025,13:37:56,1,1.000000,,,0,4,,,,,,,,,,,,,,,15,8,31815,,,,2,28675,,,,27,22866,,,,16,6572,,,,,,,,,,,,,,,,,,,,,,,,,,,,,,,,,,,,,,,,,,,,,,,,,,,,,,,,,,
Leaf Cutter,20-Apr-2025,14:03:02,5,1.000000,,,0,6,,,,,,,,,,,,,,,15,27,29184,,,,8,17610,,,,2,17330,,,,10,24146,,,,32,4296,,,,1,10289,,,,,,,,,,,,,,,,,,,,,,,,,,,,,,,,,,,,,,,,,,,,,,,,
Leaf Cutter,20-Apr-2025,15:03:00,2,1.000000,,,0,5,,,,,,,,,,,,,,,15,3,23499,,,,2,27598,,,,8,12221,,,,1,32280,,,,27,4256,,,,,,,,,,,,,,,,,,,,,,,,,,,,,,,,,,,,,,,,,,,,,,,,,,,,,
Leaf Cutter,20-Apr-2025,17:50:12,1,1.000000,,,0,6,,,,,,,,,,,,,,,15,4,17559,,,,17,23082,,,,1,6958,,,,19,13099,,,,3,17722,,,,2,27227,,,,,,,,,,,,,,,,,,,,,,,,,,,,,,,,,,,,,,,,,,,,,,,,
Leaf Cutter,20-Apr-2025,22:43:25,1,1.000000,,,0,4,,,,,,,,,,,,,,,15,30,11032,,,,9,5595,,,,7,29292,,,,5,1719,,,,,,,,,,,,,,,,,,,,,,,,,,,,,,,,,,,,,,,,,,,,,,,,,,,,,,,,,,
Leaf Cutter,21-Apr-2025,01:12:29,1,1.000000,,,0,6,,,,,,,,,,,,,,,15,5,10549,,,,15,12051,,,,22,23003,,,,13,2866,,,,14,6166,,,,20,4021,,,,,,,,,,,,,,,,,,,,,,,,,,,,,,,,,,,,,,,,,,,,,,,,
Leaf Cutter,21-Apr-2025,04:08:07,1,1.000000,,,0,4,,,,,,,,,,,,,,,15,19,8263,,,,24,30235,,,,17,27284,,,,12,20707,,,,,,,,,,,,,,,,,,,,,,,,,,,,,,,,,,,,,,,,,,,,,,,,,,,,,,,,,,
Leaf Cutter,21-Apr-2025,05:16:20,1,1.000000,,,0,4,,,,,,,,,,,,,,,15,12,8878,,,,32,8594,,,,25,30296,,,,19,11487,,,,,,,,,,,,,,,,,,,,,,,,,,,,,,,,,,,,,,,,,,,,,,,,,,,,,,,,,,
Leaf Cutter,21-Apr-2025,10:34:39,1,1.000000,,,0,4,,,,,,,,,,,,,,,15,18,24878,,,,29,3899,,,,26,2724,,,,27,6728,,,,,,,,,,,,,,,,,,,,,,,,,,,,,,,,,,,,,,,,,,,,,,,,,,,,,,,,,,
Leaf Cutter,21-Apr-2025,12:46:48,1,1.000000,,,0,6,,,,,,,,,,,,,,,15,10,10650,,,,2,5448,,,,23,5124,,,,27,7645,,,,8,29908,,,,16,24847,,,,,,,,,,,,,,,,,,,,,,,,,,,,,,,,,,,,,,,,,,,,,,,,
Leaf Cutter,21-Apr-2025,15:13:11,1,1.000000,,,0,6,,,,,,,,,,,,,,,15,3,25753,,,,2,26859,,,,8,10738,,,,10,24338,,,,32,23716,,,,1,7,,,,,,,,,,,,,,,,,,,,,,,,,,,,,,,,,,,,,,,,,,,,,,,,
Leaf Cutter,21-Apr-2025,16:27:14,1,1.000000,,,0,4,,,,,,,,,,,,,,,15,8,23758,,,,3,1839,,,,1,28219,,,,2,25298,,,,,,,,,,,,,,,,,,,,,,,,,,,,,,,,,,,,,,,,,,,,,,,,,,,,,,,,,,
Leaf Cutter,21-Apr-2025,17:41:24,4,1.000000,,,0,7,,,,,,,,,,,,,,,15,17,2388,,,,3,1310,,,,1,29768,,,,4,10412,,,,19,13034,,,,9,11135,,,,2,21222,,,,,,,,,,,,,,,,,,,,,,,,,,,,,,,,,,,,,,,,,,,
Leaf Cutter,21-Apr-2025,18:53:58,1,1.000000,,,0,4,,,,,,,,,,,,,,,15,19,32274,,,,6,15678,,,,17,14101,,,,9,12806,,,,,,,,,,,,,,,,,,,,,,,,,,,,,,,,,,,,,,,,,,,,,,,,,,,,,,,,,,
Leaf Cutter,22-Apr-2025,14:15:34,1,1.000000,,,0,4,,,,,,,,,,,,,,,15,1,24435,,,,2,17932,,,,8,17731,,,,10,29005,,,,,,,,,,,,,,,,,,,,,,,,,,,,,,,,,,,,,,,,,,,,,,,,,,,,,,,,,,
Leaf Cutter,24-Apr-2025,05:31:00,1,1.000000,,,0,4,,,,,,,,,,,,,,,15,32,14261,,,,28,8034,,,,12,20644,,,,25,24921,,,,,,,,,,,,,,,,,,,,,,,,,,,,,,,,,,,,,,,,,,,,,,,,,,,,,,,,,,
Leaf Cutter,24-Apr-2025,16:00:28,1,1.000000,,,0,5,,,,,,,,,,,,,,,15,1,31433,,,,3,7101,,,,17,20186,,,,22,7085,,,,19,16774,,,,,,,,,,,,,,,,,,,,,,,,,,,,,,,,,,,,,,,,,,,,,,,,,,,,,
Leaf Cutter,24-Apr-2025,20:34:34,1,1.000000,,,0,4,,,,,,,,,,,,,,,15,9,24619,,,,11,17300,,,,6,16066,,,,20,15466,,,,,,,,,,,,,,,,,,,,,,,,,,,,,,,,,,,,,,,,,,,,,,,,,,,,,,,,,,
Leaf Cutter,24-Apr-2025,23:00:11,4,1.000000,,,0,4,,,,,,,,,,,,,,,15,13,20207,,,,20,28811,,,,5,18382,,,,30,300,,,,,,,,,,,,,,,,,,,,,,,,,,,,,,,,,,,,,,,,,,,,,,,,,,,,,,,,,,
Leaf Cutter,25-Apr-2025,02:21:11,1,1.000000,,,0,4,,,,,,,,,,,,,,,15,23,28796,,,,15,15952,,,,24,26199,,,,14,31350,,,,,,,,,,,,,,,,,,,,,,,,,,,,,,,,,,,,,,,,,,,,,,,,,,,,,,,,,,
Leaf Cutter,25-Apr-2025,11:20:26,2,1.000000,,,0,6,,,,,,,,,,,,,,,15,18,29332,,,,23,30246,,,,27,4103,,,,16,16784,,,,26,25880,,,,7,21527,,,,,,,,,,,,,,,,,,,,,,,,,,,,,,,,,,,,,,,,,,,,,,,,
Leaf Cutter,25-Apr-2025,13:03:37,1,1.000000,,,0,4,,,,,,,,,,,,,,,15,1,4384,,,,7,21687,,,,2,25060,,,,16,6029,,,,,,,,,,,,,,,,,,,,,,,,,,,,,,,,,,,,,,,,,,,,,,,,,,,,,,,,,,
Leaf Cutter,25-Apr-2025,19:11:39,6,1.000000,,,0,7,,,,,,,,,,,,,,,15,6,23870,,,,17,15812,,,,4,5936,,,,9,27542,,,,19,10056,,,,11,2741,,,,3,24904,,,,,,,,,,,,,,,,,,,,,,,,,,,,,,,,,,,,,,,,,,,
Leaf Cutter,25-Apr-2025,20:21:31,2,1.000000,,,0,6,,,,,,,,,,,,,,,15,9,19586,,,,11,20026,,,,6,15214,,,,4,6486,,,,20,30984,,,,7,12113,,,,,,,,,,,,,,,,,,,,,,,,,,,,,,,,,,,,,,,,,,,,,,,,
Leaf Cutter,25-Apr-2025,21:01:31,1,1.000000,,,0,8,,,,,,,,,,,,,,,15,7,30872,,,,9,27680,,,,30,21126,,,,4,4834,,,,6,7254,,,,20,19729,,,,11,2684,,,,5,18161,,,,,,,,,,,,,,,,,,,,,,,,,,,,,,,,,,,,,,
Leaf Cutter,25-Apr-2025,21:10:03,5,1.000000,,,0,6,,,,,,,,,,,,,,,15,4,6704,,,,7,15501,,,,9,9026,,,,30,25728,,,,16,22004,,,,6,15771,,,,,,,,,,,,,,,,,,,,,,,,,,,,,,,,,,,,,,,,,,,,,,,,
Leaf Cutter,26-Apr-2025,01:31:03,2,1.000000,,,0,4,,,,,,,,,,,,,,,15,14,18150,,,,22,23917,,,,13,25772,,,,15,25009,,,,,,,,,,,,,,,,,,,,,,,,,,,,,,,,,,,,,,,,,,,,,,,,,,,,,,,,,,
Leaf Cutter,26-Apr-2025,07:20:55,3,1.000000,,,0,6,,,,,,,,,,,,,,,15,31,4786,,,,25,18344,,,,26,10679,,,,32,9564,,,,29,2758,,,,11,14135,,,,,,,,,,,,,,,,,,,,,,,,,,,,,,,,,,,,,,,,,,,,,,,,
Leaf Cutter,26-Apr-2025,11:47:56,3,1.000000,,,0,7,,,,,,,,,,,,,,,15,8,12745,,,,7,3713,,,,27,6193,,,,23,27592,,,,18,14008,,,,16,20771,,,,2,23436,,,,,,,,,,,,,,,,,,,,,,,,,,,,,,,,,,,,,,,,,,,
Leaf Cutter,26-Apr-2025,14:19:05,2,1.000000,,,0,5,,,,,,,,,,,,,,,15,1,12066,,,,2,22822,,,,14,12860,,,,3,32121,,,,32,29368,,,,,,,,,,,,,,,,,,,,,,,,,,,,,,,,,,,,,,,,,,,,,,,,,,,,,
Leaf Cutter,26-Apr-2025,16:48:18,3,1.000000,,,0,6,,,,,,,,,,,,,,,15,3,24842,,,,17,26642,,,,4,18900,,,,2,4954,,,,1,6864,,,,32,18087,,,,,,,,,,,,,,,,,,,,,,,,,,,,,,,,,,,,,,,,,,,,,,,,
Leaf Cutter,26-Apr-2025,19:15:25,3,1.000000,,,0,8,,,,,,,,,,,,,,,15,6,18162,,,,9,22007,,,,4,10069,,,,1,20058,,,,7,20344,,,,3,9759,,,,19,31074,,,,17,31341,,,,,,,,,,,,,,,,,,,,,,,,,,,,,,,,,,,,,,
Leaf Cutter,26-Apr-2025,20:10:59,1,1.000000,,,0,5,,,,,,,,,,,,,,,15,7,23246,,,,6,21338,,,,9,25099,,,,11,5946,,,,4,26766,,,,,,,,,,,,,,,,,,,,,,,,,,,,,,,,,,,,,,,,,,,,,,,,,,,,,
Leaf Cutter,26-Apr-2025,23:15:13,2,1.000000,,,0,5,,,,,,,,,,,,,,,15,14,543,,,,20,22409,,,,7,29628,,,,30,23398,,,,22,18458,,,,,,,,,,,,,,,,,,,,,,,,,,,,,,,,,,,,,,,,,,,,,,,,,,,,,
Leaf Cutter,27-Apr-2025,02:34:35,2,1.000000,,,0,8,,,,,,,,,,,,,,,15,13,15551,,,,19,24597,,,,24,27576,,,,17,3175,,,,10,17486,,,,23,13371,,,,12,25556,,,,15,5255,,,,,,,,,,,,,,,,,,,,,,,,,,,,,,,,,,,,,,
Leaf Cutter,27-Apr-2025,08:00:55,4,1.000000,,,0,6,,,,,,,,,,,,,,,15,25,7340,,,,26,1379,,,,20,22341,,,,11,18343,,,,31,7052,,,,28,26427,,,,,,,,,,,,,,,,,,,,,,,,,,,,,,,,,,,,,,,,,,,,,,,,
Leaf Cutter,27-Apr-2025,10:24:25,1,1.000000,,,0,4,,,,,,,,,,,,,,,15,23,15554,,,,26,32172,,,,18,27183,,,,27,3489,,,,,,,,,,,,,,,,,,,,,,,,,,,,,,,,,,,,,,,,,,,,,,,,,,,,,,,,,,
Leaf Cutter,27-Apr-2025,16:26:03,4,1.000000,,,0,7,,,,,,,,,,,,,,,15,17,22674,,,,3,6988,,,,19,32510,,,,1,19928,,,,32,7850,,,,22,7361,,,,2,10696,,,,,,,,,,,,,,,,,,,,,,,,,,,,,,,,,,,,,,,,,,,
Leaf Cutter,27-Apr-2025,17:41:19,1,1.000000,,,0,6,,,,,,,,,,,,,,,15,6,1606,,,,17,23002,,,,9,8394,,,,19,1460,,,,4,3322,,,,3,5369,,,,,,,,,,,,,,,,,,,,,,,,,,,,,,,,,,,,,,,,,,,,,,,,
Leaf Cutter,27-Apr-2025,18:52:09,3,1.000000,,,0,6,,,,,,,,,,,,,,,15,19,1151,,,,6,28174,,,,11,17901,,,,9,28427,,,,17,16562,,,,4,9131,,,,,,,,,,,,,,,,,,,,,,,,,,,,,,,,,,,,,,,,,,,,,,,,
Leaf Cutter,27-Apr-2025,20:01:10,1,1.000000,,,0,6,,,,,,,,,,,,,,,15,11,747,,,,9,2468,,,,20,22036,,,,4,18839,,,,6,31010,,,,7,5715,,,,,,,,,,,,,,,,,,,,,,,,,,,,,,,,,,,,,,,,,,,,,,,,
Leaf Cutter,27-Apr-2025,21:06:24,2,1.000000,,,0,6,,,,,,,,,,,,,,,15,20,25194,,,,6,26662,,,,5,12639,,,,11,28011,,,,30,4722,,,,29,29045,,,,,,,,,,,,,,,,,,,,,,,,,,,,,,,,,,,,,,,,,,,,,,,,
Leaf Cutter,28-Apr-2025,03:05:29,1,1.000000,,,0,4,,,,,,,,,,,,,,,15,17,4778,,,,15,7120,,,,24,31631,,,,19,23312,,,,,,,,,,,,,,,,,,,,,,,,,,,,,,,,,,,,,,,,,,,,,,,,,,,,,,,,,,
Leaf Cutter,28-Apr-2025,06:00:16,2,1.000000,,,0,4,,,,,,,,,,,,,,,15,32,20105,,,,28,4094,,,,12,12526,,,,25,18677,,,,,,,,,,,,,,,,,,,,,,,,,,,,,,,,,,,,,,,,,,,,,,,,,,,,,,,,,,
Leaf Cutter,28-Apr-2025,14:15:34,1,1.000000,,,0,4,,,,,,,,,,,,,,,15,10,26501,,,,8,18979,,,,32,15374,,,,2,32231,,,,,,,,,,,,,,,,,,,,,,,,,,,,,,,,,,,,,,,,,,,,,,,,,,,,,,,,,,
Leaf Cutter,28-Apr-2025,15:29:13,1,1.000000,,,0,8,,,,,,,,,,,,,,,15,32,32241,,,,2,29099,,,,1,4170,,,,3,13484,,,,17,14822,,,,22,16569,,,,14,31390,,,,8,4813,,,,,,,,,,,,,,,,,,,,,,,,,,,,,,,,,,,,,,
Leaf Cutter,28-Apr-2025,16:40:00,1,1.000000,,,0,4,,,,,,,,,,,,,,,15,2,17756,,,,1,20381,,,,3,5476,,,,17,7412,,,,,,,,,,,,,,,,,,,,,,,,,,,,,,,,,,,,,,,,,,,,,,,,,,,,,,,,,,
Leaf Cutter,28-Apr-2025,18:04:55,1,1.000000,,,0,4,,,,,,,,,,,,,,,15,6,11128,,,,19,15287,,,,9,1696,,,,1,12256,,,,,,,,,,,,,,,,,,,,,,,,,,,,,,,,,,,,,,,,,,,,,,,,,,,,,,,,,,
Leaf Cutter,28-Apr-2025,21:11:51,1,1.000000,,,0,8,,,,,,,,,,,,,,,15,9,19458,,,,30,26246,,,,7,14978,,,,11,3106,,,,4,32002,,,,20,2003,,,,29,18282,,,,6,9949,,,,,,,,,,,,,,,,,,,,,,,,,,,,,,,,,,,,,,
Leaf Cutter,29-Apr-2025,04:32:41,1,1.000000,,,0,5,,,,,,,,,,,,,,,15,12,17930,,,,32,25756,,,,25,7620,,,,19,16170,,,,24,20412,,,,,,,,,,,,,,,,,,,,,,,,,,,,,,,,,,,,,,,,,,,,,,,,,,,,,
Leaf Cutter,29-Apr-2025,05:04:40,1,1.000000,,,0,7,,,,,,,,,,,,,,,15,32,21462,,,,29,3108,,,,25,26237,,,,12,6836,,,,11,14642,,,,24,12783,,,,6,24448,,,,,,,,,,,,,,,,,,,,,,,,,,,,,,,,,,,,,,,,,,,
Leaf Cutter,29-Apr-2025,06:00:50,1,1.000000,,,0,4,,,,,,,,,,,,,,,15,32,22457,,,,28,29110,,,,31,30933,,,,25,27627,,,,,,,,,,,,,,,,,,,,,,,,,,,,,,,,,,,,,,,,,,,,,,,,,,,,,,,,,,
Leaf Cutter,29-Apr-2025,07:13:43,1,1.000000,,,0,7,,,,,,,,,,,,,,,15,31,1933,,,,25,22903,,,,28,8660,,,,29,23706,,,,26,15390,,,,12,17745,,,,32,3406,,,,,,,,,,,,,,,,,,,,,,,,,,,,,,,,,,,,,,,,,,,
Leaf Cutter,29-Apr-2025,12:00:37,1,1.000000,,,0,4,,,,,,,,,,,,,,,15,10,17896,,,,26,27196,,,,27,15994,,,,16,14730,,,,,,,,,,,,,,,,,,,,,,,,,,,,,,,,,,,,,,,,,,,,,,,,,,,,,,,,,,
Leaf Cutter,29-Apr-2025,15:27:58,1,1.000000,,,0,4,,,,,,,,,,,,,,,15,32,9739,,,,2,5946,,,,1,20460,,,,8,7152,,,,,,,,,,,,,,,,,,,,,,,,,,,,,,,,,,,,,,,,,,,,,,,,,,,,,,,,,,
Leaf Cutter,29-Apr-2025,17:03:01,1,1.000000,,,0,6,,,,,,,,,,,,,,,15,1,15546,,,,17,6104,,,,3,8553,,,,19,2204,,,,2,12694,,,,28,10549,,,,,,,,,,,,,,,,,,,,,,,,,,,,,,,,,,,,,,,,,,,,,,,,
Leaf Cutter,29-Apr-2025,18:00:03,2,1.000000,,,0,4,,,,,,,,,,,,,,,15,3,2186,,,,31,25750,,,,9,22858,,,,4,24574,,,,,,,,,,,,,,,,,,,,,,,,,,,,,,,,,,,,,,,,,,,,,,,,,,,,,,,,,,
Leaf Cutter,30-Apr-2025,04:36:57,4,1.000000,,,0,6,,,,,,,,,,,,,,,15,19,11611,,,,12,3046,,,,24,10296,,,,32,32144,,,,25,17524,,,,10,26763,,,,,,,,,,,,,,,,,,,,,,,,,,,,,,,,,,,,,,,,,,,,,,,,
Leaf Cutter,30-Apr-2025,06:19:22,1,1.000000,,,0,6,,,,,,,,,,,,,,,15,12,11434,,,,25,21065,,,,29,26849,,,,11,4329,,,,28,4842,,,,6,1547,,,,,,,,,,,,,,,,,,,,,,,,,,,,,,,,,,,,,,,,,,,,,,,,
Leaf Cutter,30-Apr-2025,08:43:29,2,1.000000,,,0,8,,,,,,,,,,,,,,,15,29,18673,,,,31,4280,,,,18,24268,,,,28,8066,,,,26,18696,,,,16,21171,,,,25,15670,,,,5,14505,,,,,,,,,,,,,,,,,,,,,,,,,,,,,,,,,,,,,,
Leaf Cutter,30-Apr-2025,11:06:02,2,1.000000,,,0,5,,,,,,,,,,,,,,,15,18,17124,,,,27,20005,,,,23,11001,,,,16,12656,,,,26,3940,,,,,,,,,,,,,,,,,,,,,,,,,,,,,,,,,,,,,,,,,,,,,,,,,,,,,
Leaf Cutter,30-Apr-2025,13:27:56,4,1.000000,,,0,6,,,,,,,,,,,,,,,15,10,25004,,,,8,26999,,,,23,4944,,,,2,2696,,,,27,20402,,,,1,6555,,,,,,,,,,,,,,,,,,,,,,,,,,,,,,,,,,,,,,,,,,,,,,,,
Leaf Cutter,30-Apr-2025,14:41:59,4,1.000000,,,0,5,,,,,,,,,,,,,,,15,32,25432,,,,2,22485,,,,10,462,,,,1,8421,,,,8,26686,,,,,,,,,,,,,,,,,,,,,,,,,,,,,,,,,,,,,,,,,,,,,,,,,,,,,
Leaf Cutter,30-Apr-2025,15:53:27,4,1.000000,,,0,5,,,,,,,,,,,,,,,15,2,31333,,,,3,21259,,,,8,24566,,,,1,7379,,,,32,4910,,,,,,,,,,,,,,,,,,,,,,,,,,,,,,,,,,,,,,,,,,,,,,,,,,,,,
Leaf Cutter,30-Apr-2025,16:02:48,1,1.000000,,,0,5,,,,,,,,,,,,,,,15,3,16934,,,,1,17107,,,,2,24477,,,,17,22986,,,,32,27936,,,,,,,,,,,,,,,,,,,,,,,,,,,,,,,,,,,,,,,,,,,,,,,,,,,,,
Leaf Cutter,30-Apr-2025,18:08:42,4,1.000000,,,0,6,,,,,,,,,,,,,,,15,3,21915,,,,1,10225,,,,4,29642,,,,9,26121,,,,31,16496,,,,17,17429,,,,,,,,,,,,,,,,,,,,,,,,,,,,,,,,,,,,,,,,,,,,,,,,
Leaf Cutter,30-Apr-2025,19:14:33,1,1.000000,,,0,6,,,,,,,,,,,,,,,15,19,8864,,,,9,11058,,,,6,11062,,,,7,14422,,,,4,21894,,,,17,32259,,,,,,,,,,,,,,,,,,,,,,,,,,,,,,,,,,,,,,,,,,,,,,,,
Leaf Cutter,30-Apr-2025,20:22:40,2,1.000000,,,0,7,,,,,,,,,,,,,,,15,20,28622,,,,6,20002,,,,9,5337,,,,11,32236,,,,7,19526,,,,4,13319,,,,30,2176,,,,,,,,,,,,,,,,,,,,,,,,,,,,,,,,,,,,,,,,,,,
Leaf Cutter,30-Apr-2025,22:40:30,1,1.000000,,,0,4,,,,,,,,,,,,,,,15,13,24460,,,,30,21955,,,,15,2566,,,,7,7015,,,,,,,,,,,,,,,,,,,,,,,,,,,,,,,,,,,,,,,,,,,,,,,,,,,,,,,,,,
Leaf Cutter,30-Apr-2025,23:48:46,4,1.000000,,,0,5,,,,,,,,,,,,,,,15,15,15973,,,,5,19091,,,,18,18190,,,,13,5214,,,,22,18396,,,,,,,,,,,,,,,,,,,,,,,,,,,,,,,,,,,,,,,,,,,,,,,,,,,,,
Leaf Cutter,01-May-2025,04:02:21,1,1.000000,,,0,4,,,,,,,,,,,,,,,15,24,29764,,,,25,12800,,,,12,18275,,,,32,13696,,,,,,,,,,,,,,,,,,,,,,,,,,,,,,,,,,,,,,,,,,,,,,,,,,,,,,,,,,
Leaf Cutter,01-May-2025,06:21:25,1,1.000000,,,0,4,,,,,,,,,,,,,,,15,29,31190,,,,28,6464,,,,32,14816,,,,12,12264,,,,,,,,,,,,,,,,,,,,,,,,,,,,,,,,,,,,,,,,,,,,,,,,,,,,,,,,,,
Leaf Cutter,01-May-2025,07:32:25,1,1.000000,,,0,5,,,,,,,,,,,,,,,15,25,21373,,,,29,8446,,,,31,1584,,,,28,12696,,,,18,3014,,,,,,,,,,,,,,,,,,,,,,,,,,,,,,,,,,,,,,,,,,,,,,,,,,,,,
Leaf Cutter,01-May-2025,11:23:39,1,1.000000,,,0,5,,,,,,,,,,,,,,,15,10,10930,,,,27,24006,,,,23,15942,,,,26,30378,,,,16,14488,,,,,,,,,,,,,,,,,,,,,,,,,,,,,,,,,,,,,,,,,,,,,,,,,,,,,
Leaf Cutter,01-May-2025,16:01:02,1,1.000000,,,0,8,,,,,,,,,,,,,,,15,1,16301,,,,3,19154,,,,17,26234,,,,4,27652,,,,2,20996,,,,8,19947,,,,32,23874,,,,19,18269,,,,,,,,,,,,,,,,,,,,,,,,,,,,,,,,,,,,,,
Leaf Cutter,01-May-2025,18:10:44,1,1.000000,,,0,5,,,,,,,,,,,,,,,15,19,29182,,,,17,13382,,,,6,7235,,,,9,30533,,,,4,19498,,,,,,,,,,,,,,,,,,,,,,,,,,,,,,,,,,,,,,,,,,,,,,,,,,,,,
Leaf Cutter,01-May-2025,20:26:08,2,1.000000,,,0,6,,,,,,,,,,,,,,,15,20,13846,,,,30,30688,,,,6,27933,,,,11,29590,,,,7,1778,,,,9,19827,,,,,,,,,,,,,,,,,,,,,,,,,,,,,,,,,,,,,,,,,,,,,,,,
Leaf Cutter,01-May-2025,23:44:31,1,1.000000,,,0,7,,,,,,,,,,,,,,,15,13,7973,,,,14,29013,,,,15,17230,,,,5,21812,,,,30,15042,,,,22,22613,,,,23,17848,,,,,,,,,,,,,,,,,,,,,,,,,,,,,,,,,,,,,,,,,,,
Leaf Cutter,02-May-2025,01:57:09,2,1.000000,,,0,8,,,,,,,,,,,,,,,15,22,526,,,,14,5774,,,,17,12713,,,,24,20398,,,,13,1118,,,,15,25191,,,,19,23910,,,,10,26495,,,,,,,,,,,,,,,,,,,,,,,,,,,,,,,,,,,,,,
Leaf Cutter,02-May-2025,03:01:17,1,1.000000,,,0,7,,,,,,,,,,,,,,,15,24,13200,,,,15,4918,,,,23,32314,,,,12,14022,,,,19,25888,,,,17,6843,,,,13,2204,,,,,,,,,,,,,,,,,,,,,,,,,,,,,,,,,,,,,,,,,,,
Leaf Cutter,02-May-2025,06:34:01,1,1.000000,,,0,6,,,,,,,,,,,,,,,15,12,17832,,,,11,22100,,,,31,9500,,,,25,8339,,,,29,5560,,,,6,29003,,,,,,,,,,,,,,,,,,,,,,,,,,,,,,,,,,,,,,,,,,,,,,,,
Leaf Cutter,02-May-2025,07:43:42,2,1.000000,,,0,8,,,,,,,,,,,,,,,15,25,30520,,,,29,26387,,,,26,16400,,,,31,11122,,,,28,21074,,,,4,27673,,,,20,32352,,,,11,12987,,,,,,,,,,,,,,,,,,,,,,,,,,,,,,,,,,,,,,
Leaf Cutter,02-May-2025,10:13:00,1,1.000000,,,0,6,,,,,,,,,,,,,,,15,18,12588,,,,26,10770,,,,27,27418,,,,16,12864,,,,7,26900,,,,31,3755,,,,,,,,,,,,,,,,,,,,,,,,,,,,,,,,,,,,,,,,,,,,,,,,
Leaf Cutter,02-May-2025,12:29:21,1,1.000000,,,0,8,,,,,,,,,,,,,,,15,7,14941,,,,2,24657,,,,8,19517,,,,10,17368,,,,16,14230,,,,23,15013,,,,30,11820,,,,1,24839,,,,,,,,,,,,,,,,,,,,,,,,,,,,,,,,,,,,,,
Leaf Cutter,02-May-2025,17:04:29,1,1.000000,,,0,5,,,,,,,,,,,,,,,15,19,28038,,,,6,20949,,,,3,19309,,,,9,15522,,,,17,27388,,,,,,,,,,,,,,,,,,,,,,,,,,,,,,,,,,,,,,,,,,,,,,,,,,,,,
Leaf Cutter,04-May-2025,06:40:18,2,1.000000,,,0,7,,,,,,,,,,,,,,,15,31,15657,,,,25,3712,,,,26,14017,,,,28,15858,,,,29,25082,,,,32,2841,,,,11,28744,,,,,,,,,,,,,,,,,,,,,,,,,,,,,,,,,,,,,,,,,,,
Leaf Cutter,04-May-2025,08:59:38,1,1.000000,,,0,6,,,,,,,,,,,,,,,15,16,2505,,,,26,1114,,,,31,24226,,,,18,4199,,,,5,27320,,,,29,21679,,,,,,,,,,,,,,,,,,,,,,,,,,,,,,,,,,,,,,,,,,,,,,,,
Leaf Cutter,04-May-2025,10:13:01,1,1.000000,,,0,5,,,,,,,,,,,,,,,15,8,16540,,,,27,13805,,,,31,31963,,,,10,4470,,,,26,23372,,,,,,,,,,,,,,,,,,,,,,,,,,,,,,,,,,,,,,,,,,,,,,,,,,,,,
Leaf Cutter,04-May-2025,14:05:40,2,1.000000,,,0,4,,,,,,,,,,,,,,,15,1,5906,,,,3,5247,,,,2,5305,,,,8,27856,,,,,,,,,,,,,,,,,,,,,,,,,,,,,,,,,,,,,,,,,,,,,,,,,,,,,,,,,,
Leaf Cutter,04-May-2025,16:12:27,1,1.000000,,,0,6,,,,,,,,,,,,,,,15,4,10597,,,,2,22183,,,,17,28462,,,,3,31253,,,,32,3832,,,,1,19855,,,,,,,,,,,,,,,,,,,,,,,,,,,,,,,,,,,,,,,,,,,,,,,,
Leaf Cutter,04-May-2025,17:21:28,2,1.000000,,,0,8,,,,,,,,,,,,,,,15,17,29308,,,,9,4358,,,,1,1879,,,,4,16072,,,,2,3216,,,,3,7421,,,,19,29218,,,,28,10145,,,,,,,,,,,,,,,,,,,,,,,,,,,,,,,,,,,,,,
Leaf Cutter,04-May-2025,19:27:44,3,1.000000,,,0,4,,,,,,,,,,,,,,,15,6,4088,,,,11,24279,,,,7,26054,,,,9,8838,,,,,,,,,,,,,,,,,,,,,,,,,,,,,,,,,,,,,,,,,,,,,,,,,,,,,,,,,,
Leaf Cutter,04-May-2025,20:31:59,1,1.000000,,,0,4,,,,,,,,,,,,,,,15,6,23455,,,,7,21866,,,,30,27705,,,,4,21012,,,,,,,,,,,,,,,,,,,,,,,,,,,,,,,,,,,,,,,,,,,,,,,,,,,,,,,,,,
Leaf Cutter,04-May-2025,21:36:18,2,1.000000,,,0,5,,,,,,,,,,,,,,,15,9,4885,,,,30,17992,,,,7,32411,,,,5,23826,,,,11,980,,,,,,,,,,,,,,,,,,,,,,,,,,,,,,,,,,,,,,,,,,,,,,,,,,,,,
Leaf Cutter,04-May-2025,22:36:40,1,1.000000,,,0,5,,,,,,,,,,,,,,,15,7,22052,,,,14,14999,,,,30,1168,,,,22,29944,,,,20,6906,,,,,,,,,,,,,,,,,,,,,,,,,,,,,,,,,,,,,,,,,,,,,,,,,,,,,
Leaf Cutter,05-May-2025,00:02:21,1,1.000000,,,0,6,,,,,,,,,,,,,,,15,30,9815,,,,15,3576,,,,14,25614,,,,22,24882,,,,5,6876,,,,13,32575,,,,,,,,,,,,,,,,,,,,,,,,,,,,,,,,,,,,,,,,,,,,,,,,
Leaf Cutter,05-May-2025,01:16:31,2,1.000000,,,0,5,,,,,,,,,,,,,,,15,23,29004,,,,24,14536,,,,15,17561,,,,22,22337,,,,5,10410,,,,,,,,,,,,,,,,,,,,,,,,,,,,,,,,,,,,,,,,,,,,,,,,,,,,,
Leaf Cutter,05-May-2025,08:38:06,2,1.000000,,,0,8,,,,,,,,,,,,,,,15,31,31720,,,,26,5121,,,,28,12495,,,,27,5791,,,,29,3426,,,,16,635,,,,18,28336,,,,5,2837,,,,,,,,,,,,,,,,,,,,,,,,,,,,,,,,,,,,,,
Leaf Cutter,06-May-2025,07:06:55,1,1.000000,,,0,4,,,,,,,,,,,,,,,15,31,10609,,,,26,84,,,,28,2803,,,,29,28363,,,,,,,,,,,,,,,,,,,,,,,,,,,,,,,,,,,,,,,,,,,,,,,,,,,,,,,,,,
Leaf Cutter,06-May-2025,09:55:08,1,1.000000,,,0,7,,,,,,,,,,,,,,,15,27,10507,,,,26,3946,,,,31,3649,,,,18,4765,,,,16,460,,,,23,31305,,,,10,22290,,,,,,,,,,,,,,,,,,,,,,,,,,,,,,,,,,,,,,,,,,,
Leaf Cutter,06-May-2025,13:30:33,1,1.000000,,,0,7,,,,,,,,,,,,,,,15,1,6020,,,,14,9556,,,,10,10359,,,,8,19524,,,,2,6254,,,,3,10487,,,,32,2236,,,,,,,,,,,,,,,,,,,,,,,,,,,,,,,,,,,,,,,,,,,
Leaf Cutter,06-May-2025,19:16:28,2,1.000000,,,0,5,,,,,,,,,,,,,,,15,7,10519,,,,6,500,,,,3,441,,,,20,15363,,,,4,7708,,,,,,,,,,,,,,,,,,,,,,,,,,,,,,,,,,,,,,,,,,,,,,,,,,,,,
Leaf Cutter,06-May-2025,20:24:35,2,1.000000,,,0,7,,,,,,,,,,,,,,,15,30,20092,,,,11,31130,,,,20,6766,,,,7,12812,,,,9,12340,,,,6,9209,,,,4,7850,,,,,,,,,,,,,,,,,,,,,,,,,,,,,,,,,,,,,,,,,,,
Leaf Cutter,06-May-2025,21:01:12,3,1.000000,,,0,6,,,,,,,,,,,,,,,15,30,2045,,,,6,16032,,,,11,28134,,,,20,14438,,,,7,29044,,,,9,19591,,,,,,,,,,,,,,,,,,,,,,,,,,,,,,,,,,,,,,,,,,,,,,,,
Leaf Cutter,06-May-2025,22:00:51,1,1.000000,,,0,7,,,,,,,,,,,,,,,15,11,7916,,,,5,24870,,,,13,13550,,,,30,26604,,,,20,1838,,,,14,24959,,,,7,16482,,,,,,,,,,,,,,,,,,,,,,,,,,,,,,,,,,,,,,,,,,,
Leaf Cutter,07-May-2025,06:09:58,1,1.000000,,,0,5,,,,,,,,,,,,,,,15,25,32130,,,,31,11898,,,,32,24116,,,,28,14818,,,,29,18030,,,,,,,,,,,,,,,,,,,,,,,,,,,,,,,,,,,,,,,,,,,,,,,,,,,,,
